index,Количество,rank,Частота,rank,Абсолютная стоимость,rank,Относительная стоимость,rank,total_score
Python,1442,834,0.19751361888497657,834,134830.22765089723,834,29964.395034325826,834,3336
Git,586,833,0.06013507510721133,833,63351.774796084836,833,10426.02602553725,833,3332
SQL,501,832,0.05486769838871004,832,41507.884910277324,829,6715.5764029003785,830,3323
PostgreSQL,499,831,0.05381675511164674,831,57062.73934747145,832,10087.358590935344,832,3326
Django Framework,467,830,0.05372987306810837,830,53509.48616639479,831,10040.790468833322,831,3322
Linux,463,829,0.050508884605246836,829,42719.45742251224,830,6515.066047444835,829,3317
Flask,177,828,0.01719445883493871,828,15326.26427406199,824,2346.021769650172,823,3303
Docker,172,827,0.01567137192872487,827,18824.830342577487,826,2377.8731764338618,824,3304
JavaScript,149,826,0.015381585190408721,826,13920.826003262642,823,2383.364868293449,825,3300
Английский язык,141,825,0.015220397489861159,825,11759.399102773246,820,1900.5554845450824,819,3289
MySQL,128,824,0.012299003255659602,824,19395.000195758566,827,2927.833854305291,827,3302
ООП,120,823,0.011863268783160425,823,11787.356362153345,821,1948.812871830906,821,3288
MongoDB,113,822,0.01112921253102914,822,15611.027683523653,825,2397.429902063678,826,3295
Redis,107,821,0.009835905924141219,821,19805.839673735725,828,3077.6233528262565,828,3298
REST,70,820,0.006555077791145902,820,12082.12634584013,822,1928.749718790935,820,3282
RabbitMQ,68,819,0.005097365053247406,815,10062.415986949429,819,1168.4147431325246,817,3270
Django,62,818,0.005244476384182266,817,9573.019575856444,818,1283.7062774697358,818,3271
HTML,56,817,0.005078782328782329,814,4721.859706362154,812,709.0958887043715,813,3256
CSS,56,816,0.005142240112828349,816,4477.1615008156605,810,655.1027547764904,811,3253
Atlassian Jira,52,815,0.005361243847311958,818,4343.393148450245,808,934.4394050756205,815,3256
C++,50,814,0.005934916390798744,819,3181.0766721044047,804,570.3733913358709,808,3245
API,49,813,0.003972999222999223,810,4389.3139477977165,809,509.8653547838784,806,3238
MS SQL,43,812,0.0037513140167938935,809,1782.2185970636215,772,215.75186338644738,774,3167
Java,43,811,0.004782999920110647,813,1113.3768352365416,734,186.87280636709676,765,3123
Базы данных,41,810,0.0036316951022833375,808,6907.69396411093,817,950.5435096714053,816,3251
Работа в команде,39,809,0.0028549106122635537,805,3854.006769983687,807,458.70799051750316,801,3222
AWS,36,808,0.0039922822275763456,811,1924.3353996737358,782,280.9967633236801,782,3183
Celery,35,807,0.0025400539003480184,801,5497.553017944535,815,650.8483812725249,810,3233
Pytest,35,806,0.004045518207282914,812,1786.2969004893964,773,337.56700069913774,789,3180
aiohttp,33,805,0.003631185807656396,807,4714.618270799348,811,667.0522618400269,812,3235
Kubernetes,31,804,0.0026739094239094244,803,2935.7546492659053,797,375.5646025897249,795,3199
Nginx,30,803,0.0025030976648623706,799,3128.058727569331,802,433.54415356862336,799,3203
Kafka,29,802,0.0023934001408049852,796,2549.0296900489398,788,308.0489763634951,784,3170
NoSQL,29,801,0.0024491891230645556,797,4722.675367047308,813,609.4044617698778,809,3220
FastAPI,28,800,0.0026433093050740107,802,2642.7406199021207,792,313.41358931081606,787,3181
asyncio,26,799,0.0022971734148204736,794,5447.251876019575,814,785.2502242184133,814,3221
Bash,26,798,0.002516127663186487,800,2569.331158238173,789,356.25275123643803,793,3180
Golang,25,797,0.0027309969442322383,804,1239.8042414355627,746,196.80727103239337,769,3116
Pandas,25,796,0.002238744915215503,792,277.3246329526917,530,35.38712510980047,570,2688
PHP,24,795,0.0022528430175488994,793,3319.7389885807506,805,504.8325488782259,805,3198
Jenkins,24,794,0.001965947451241569,786,1190.8646003262643,741,98.71348064659648,724,3045
React,23,793,0.0032842419018889605,806,6081.447699836868,816,1963.6989985399775,822,3237
HTML5,21,792,0.0016017653370594546,776,2384.732871125612,787,276.9133567553225,781,3136
REST API,21,791,0.002180608607079195,791,1867.862969004894,777,256.1974911077684,778,3137
Selenium,21,790,0.0024570347952700892,798,815.6606851549756,717,70.81508304999333,669,2974
СУБД,20,789,0.0015442515001338531,773,2141.109298531811,785,195.45978762944503,768,3115
Математическая статистика,20,788,0.00129796918767507,764,65.25285481239804,365,9.321836401771147,377,2294
Machine Learning,20,787,0.0015034249199474112,770,2728.4850734094616,794,295.89598990256616,783,3134
SQLAlchemy,19,786,0.001636511063755646,777,2708.250766721044,793,352.2774403307691,792,3148
Удаленная работа,19,785,0.001677156177156177,780,3152.5285481239803,803,481.85365477371994,804,3172
CI/CD,19,784,0.001214885303894592,757,2760.297553017944,795,340.65340017966446,790,3126
QA,19,783,0.0023401239283592223,795,554.6492659053833,679,61.54530624351179,650,2907
Scrum,19,782,0.001976759351759352,787,1884.1761827079936,781,389.3420337139749,796,3146
Big Data,18,781,0.0015562808010904897,774,1717.0557911908645,768,124.98528670254993,741,3064
Работа с базами данных,18,780,0.0020835308482367305,790,977.8407830342578,729,261.1287238047434,780,3079
Анализ данных,18,779,0.0019404761904761904,784,619.9021207177814,698,123.98042414355628,740,3001
ETL,17,778,0.0015405726884055054,772,619.9021207177814,699,81.82500841554675,694,2943
IT,17,777,0.0017058823529411764,781,0.0,320,0.0,278,2156
TCP/IP,17,776,0.0017294584500466852,782,1794.453507340946,774,313.10041689323907,786,3118
Go,17,775,0.001999183006535948,788,872.7569331158238,723,166.39477977161502,756,3042
Unix,17,774,0.001640172735760971,778,1011.4192495921696,733,109.48302648955178,734,3019
ML,17,773,0.0014760949834479247,769,1872.0413539967376,778,178.94279627726814,760,3080
Обучение и развитие,16,772,0.0015355221833550008,771,509.7879282218597,669,39.78980150955767,590,2802
Тестирование,16,771,0.0020655569920275804,789,554.6492659053833,678,93.80097879282219,714,2952
HTTP,16,770,0.0013282817114086464,765,2978.2209624796083,799,479.6619131762125,803,3137
jQuery,16,769,0.001216208627973334,758,1794.453507340946,775,244.14447252946437,777,3079
Atlassian Confluence,16,768,0.0015915032679738564,775,407.8303425774878,603,67.97172376291462,659,2805
C/C++,16,767,0.0017582689641513173,783,1448.1321370309952,754,234.7243368980726,776,3080
Unit Testing,15,766,0.0012352941176470586,760,1476.3458401305056,761,182.5267355446801,761,3048
Android,15,765,0.0014028944911297855,767,2355.628058727569,786,308.65377145964425,785,3103
Agile Project Management,15,764,0.001671377641965877,779,1150.0815660685155,736,189.57313757476888,767,3046
XML,14,763,0.001270045314162961,762,1415.1712887438825,752,172.944850147134,757,3034
Node.js,13,762,0.0010942684766214177,752,2972.1311582381727,798,332.2983553332656,788,3100
iOS,13,761,0.0012208216619981325,759,2584.0130505709626,790,366.2937932105958,794,3104
JS,13,760,0.000709532297767592,731,570.9624796084829,680,51.78798000983971,633,2804
Функциональное тестирование,13,759,0.0012817460317460316,763,2871.1256117455137,796,405.90447707087185,797,3115
pandas,13,758,0.001440359477124183,768,244.69820554649266,495,27.188689505165847,532,2553
Numpy,13,757,0.0008660130718954247,747,0.0,243,0.0,190,1937
GraphQL,12,756,0.0010406162464985994,750,3107.667210440457,801,447.25394235997817,800,3107
Computer Vision,12,755,0.0007741596638655463,740,309.9510603588907,574,68.51549755301795,662,2731
Грамотная речь,12,754,0.0008655568287921229,746,126.4274061990212,395,19.612931929408273,462,2357
numpy,12,753,0.0013750000000000001,766,0.0,16,0.0,151,1686
Творческое мышление,11,752,0.0011569900687547748,754,159.05383360522023,411,10.407618482659265,384,2301
Backend,11,751,0.0008338067161596573,745,2610.1141924959215,791,343.6286388978069,791,3078
Design Patterns,11,750,0.0010980392156862745,753,3075.040783034258,800,524.4698205546492,807,3110
Tornado,11,749,0.0012583078686019863,761,440.71406199021203,632,40.06491472638291,593,2735
MS SQL Server,11,748,0.0010931372549019608,751,0.0,63,0.0,86,1648
NLP,11,747,0.0006568627450980393,723,0.0,272,0.0,263,2005
Мобильность,11,746,0.0008333333333333333,743,3564.437194127243,806,462.547580206634,802,3097
Spark,10,745,0.0011672096646145088,755,607.7572593800979,696,69.48764644816848,664,2860
Преподаватель,10,744,0.001956674044909339,785,209.62479608482872,481,174.58846210885363,758,2768
ORACLE,10,743,0.0007737447451069742,739,163.1321370309951,422,32.62642740619902,556,2460
k8s,10,742,0.0011974789915966387,756,835.779445350734,720,119.39706362153343,738,2956
Postgres,10,741,0.0008237840590781769,742,1598.694942903752,764,205.46881068903906,771,3018
SOAP,10,740,0.0007744738921209508,741,1508.9722675367047,763,187.7799787669282,766,3010
Clickhouse,10,739,0.0006297705562411445,720,1810.7667210440457,776,185.15085603176956,762,2997
Django Rest Framework,9,738,0.0007216704863763688,735,1276.5089722675366,749,130.58515709412933,744,2966
ClickHouse,9,737,0.0004507417676922321,682,1443.7194127243067,753,102.63926851889417,729,2901
Web,9,736,0.0007119155354449472,733,261.01141924959217,521,37.01844648011043,575,2565
PyTest,9,735,0.0007397504456327985,737,1272.4306688417619,747,141.3811854268624,746,2965
docker,8,734,0.0006586942469295411,724,130.50570962479608,398,26.10114192495922,520,2376
Django REST Framework,8,733,0.0005147058823529412,701,1941.2724306688417,783,210.03262642740617,772,2989
Deep Learning,8,732,0.0003026018099547511,637,163.1321370309951,448,12.548625925461161,389,2206
Postman,8,731,0.0007658942364824718,738,1231.647634584013,745,260.6035889070147,779,2993
Аналитическое мышление,8,730,0.0006911764705882352,727,0.0,18,0.0,177,1652
Data Mining,8,729,0.00035539215686274507,656,0.0,159,0.0,126,1670
DWH,8,728,0.000732194791792315,736,407.8303425774878,612,58.26147751106967,645,2721
Сетевые технологии,8,727,0.0005565104829810712,705,1876.0195758564437,779,211.16548849012142,773,2984
Qt,8,726,0.000638655462184874,722,831.973898858075,719,121.49460110308397,739,2906
Asyncio,8,725,0.0007034313725490195,729,195.75856443719414,476,24.469820554649267,510,2440
Математическое моделирование,8,724,0.0007058823529411764,730,65.25285481239804,364,9.321836401771147,380,2198
Teambuilding,8,723,0.0009411764705882353,749,0.0,252,0.0,179,1903
JSON,7,722,0.0005461891050126344,704,1162.31647634584,737,149.5405084312099,752,2915
Data Science,7,721,0.0002573529411764706,607,0.0,83,0.0,38,1449
Ajax,7,720,0.00043541752365281773,679,489.3964110929853,654,54.88883058214216,641,2694
CI,7,719,0.00047619047619047614,691,1272.4306688417619,748,141.3811854268624,747,2905
CSS3,7,718,0.000511096746390864,700,1149.0069331158238,735,128.6086374881236,742,2895
Kotlin,7,717,0.00047478991596638654,690,1876.0195758564437,780,155.36394002951914,754,2941
keras,7,716,0.0002573529411764706,604,0.0,318,0.0,267,1905
MS PowerPoint,7,715,0.0006990068754774638,728,464.92659053833603,647,47.604923624499484,623,2713
Ansible,7,714,0.00046848739495798316,688,1296.900489396411,750,94.0437349491183,715,2867
Oracle Pl/SQL,7,713,0.0006271315543761363,719,611.7455138662317,697,92.7652191926254,712,2841
tensorflow,7,712,0.0002573529411764706,605,0.0,142,0.0,157,1616
Информационная безопасность,7,711,0.0007205882352941177,734,407.8303425774878,598,45.67699836867863,618,2661
opencv,7,710,0.0002573529411764706,606,0.0,176,0.0,8,1500
backend,7,709,0.0005733378821614116,707,599.510603588907,691,38.470833740001765,585,2692
Vue.js,6,708,0.00037368024132730014,659,110.1141924959217,386,8.470322499686285,372,2125
SCALA,6,707,0.0007110726643598616,732,130.50570962479608,399,26.10114192495922,519,2357
Airflow,6,706,0.00042112299465240635,674,0.0,247,0.0,218,1845
Торговая площадка,6,705,0.0004341736694677871,676,0.0,276,0.0,193,1850
Управление проектами,6,704,0.0005443722943722944,703,938.0097879282218,728,147.5957430280432,751,2886
Разработка технических заданий,6,703,0.0006176470588235294,717,481.23980424143554,652,84.01305057096248,698,2770
Kanban,6,702,0.00047794117647058826,692,709.6247960848287,707,80.8863512778684,687,2788
Analytical skills,6,701,0.00020431390024815632,559,1761.8270799347472,769,101.99029930821506,727,2756
Организация учебного процесса,6,700,0.000536541889483066,702,126.4274061990212,396,19.612931929408273,461,2259
Android SDK,6,699,0.0004789915966386555,693,1223.4910277324634,744,87.3922162666045,700,2836
AngularJS,6,698,0.00038531566472742936,665,554.6492659053833,677,71.19851328660464,672,2712
Risk management,6,697,0.00020431390024815632,560,1761.8270799347472,770,101.99029930821506,726,2753
TeamCity,6,696,0.0005998707175177764,715,293.6378466557912,559,22.587526665830094,489,2459
Pyramid,6,695,0.00045788770053475935,685,766.9783360522023,712,94.4422937367146,716,2808
TypeScript,6,694,0.00040842490842490844,671,1492.6590538336052,762,176.8310536662902,759,2886
MS Excel,6,693,0.00021279806314408392,566,1631.3213703099511,765,96.18655981768929,720,2744
Hadoop,6,692,0.0006587850826605152,725,0.0,312,0.0,231,1960
MATLAB,6,691,0.0006190476190476191,718,309.9510603588907,576,44.27872290841295,615,2600
Web Application Development,6,690,0.0004173669467787115,673,244.69820554649266,511,34.95688650664181,562,2436
Инвестиционные риски,6,689,0.00020431390024815632,558,1761.8270799347472,771,101.99029930821506,728,2746
Обучение,6,688,0.00038244435303258836,664,36.7047308319739,352,1.6683968559988136,354,2058
Алгоритмы,6,687,0.0008333333333333333,744,440.4567699836868,628,63.893420337139744,652,2711
Разработка ПО,6,686,0.0004985635279752927,696,570.9624796084829,684,68.9815893731065,663,2729
KVM,6,685,0.0006319073083778966,721,2039.1517128874389,784,406.47090810222943,798,2988
Robot framework,6,684,0.0008823529411764706,748,0.0,46,0.0,164,1642
Ценные бумаги,5,683,0.00017757593233371782,522,1468.189233278956,758,88.64312446022456,704,2667
Gitlab,5,682,0.00038581842993607704,666,0.0,156,0.0,130,1634
Agile,5,681,0.00045788770053475935,684,407.8303425774878,614,37.07548568886253,577,2556
Ubuntu,5,680,0.00045320855614973263,683,334.42088091354,584,66.88417618270799,655,2602
Машинное обучение,5,679,0.00039915966386554625,670,489.3964110929853,658,61.174551386623165,648,2655
Unix Shell Scripts,5,678,0.0002628090863384981,610,493.4747145187602,667,43.181849870267484,609,2564
Разработка логистики,5,677,0.00046218487394957984,686,0.0,14,0.0,149,1526
C#,5,676,0.00022836912542794895,575,991.0277324632953,730,67.30279568778752,656,2637
Angular,5,675,0.00048319327731092437,694,440.4567699836868,625,96.13143789326497,719,2713
Investment Analysis,5,674,0.00017757593233371782,520,1468.189233278956,755,88.64312446022456,706,2655
Публичные выступления,5,673,0.00043417366946778713,677,0.0,245,0.0,220,1815
Data Analysis,5,672,0.0002288237041697249,576,1174.5513866231647,739,65.28556847624115,654,2641
MS Visual Studio,5,671,0.0005840336134453781,708,456.7699836867863,645,91.35399673735726,710,2734
Microservices,5,670,0.0003510737628384687,649,407.8303425774878,617,58.26147751106967,644,2580
Умение работать в условиях многозадачности,5,669,0.0002805429864253394,621,163.1321370309951,431,12.548625925461161,401,2122
Bootstrap,5,668,0.000286830816242581,623,595.4323001631321,690,68.17244745466606,661,2642
DRF,5,667,0.0003454715219421101,646,929.8531810766721,727,93.67150884279758,713,2753
Financial Analysis,5,666,0.00016754919436580336,507,1468.189233278956,760,83.63793389222812,697,2630
Capital Market,5,665,0.00017757593233371782,521,1468.189233278956,757,88.64312446022456,707,2650
Elasticsearch,5,664,0.000434640522875817,678,301.79445350734096,568,16.766358528185606,451,2361
IoT,5,663,0.000496732026143791,695,0.33442088091353994,342,0.05573681348558999,342,2042
Investment Banking,5,662,0.00017757593233371782,519,1468.189233278956,759,88.64312446022456,703,2643
Ориентация на результат,5,661,0.0006029411764705882,716,326.2642740619902,583,40.783034257748774,595,2555
Парсинг,5,660,0.0005060331825037708,698,261.01141924959217,520,37.01844648011043,574,2452
ORM,5,659,0.00032226678550207965,640,538.3360522022839,674,53.01794453507341,635,2608
OpenStack,5,658,0.0003061698363555949,638,823.8172920065252,718,47.70541770412982,624,2638
Docker-compose,5,657,0.0003940454969866734,668,742.2512234910278,710,90.53039130526895,709,2744
Инвестиционный консалтинг,5,656,0.00017757593233371782,518,1468.189233278956,756,88.64312446022456,705,2635
Teamplayer,5,655,0.000588235294117647,712,0.0,33,0.0,49,1449
React.js,5,654,0.0004435107376283847,681,448.6133768352365,642,49.845930759470725,629,2606
Terraform,4,653,0.00033613445378151256,645,1011.4192495921696,732,144.4884642274528,750,2780
FastApi,4,652,0.00039869281045751634,669,897.226753670473,726,163.1321370309951,755,2802
Автоматизация тестирования,4,651,0.000261437908496732,608,1680.2610114192496,766,186.69566793547216,764,2789
разработка логистики,4,650,0.0004313725490196079,675,0.0,8,0.0,152,1485
Администрирование,4,649,0.0003823529411764706,662,163.1321370309951,443,16.31321370309951,437,2191
GitLab,4,648,0.0001914098972922502,527,1370.3099510603588,751,103.70542996970403,730,2656
PyTorch,4,647,0.00021751777634130572,573,652.5285481239804,703,53.331660183209934,636,2559
VueJS,4,646,0.0003306595365418895,641,171.28874388254485,451,34.257748776508976,557,2295
SaaS,4,645,0.000273109243697479,616,815.6606851549756,715,81.56606851549755,691,2667
crypto market,4,644,0.00014081122645136487,456,1174.5513866231647,738,70.2907590442376,667,2505
NumPy,4,643,0.00024132730015082957,595,0.0,85,0.0,296,1619
DevOps,4,642,0.00037409700722394214,660,636.2153344208809,702,106.03588907014682,732,2736
Паттерны проектирования,4,641,0.000392156862745098,667,261.01141924959217,524,43.50190320826536,612,2444
Grafana,4,640,0.00020329996800585036,556,407.8303425774878,613,37.07548568886253,582,2391
celery,4,639,0.00031818181818181815,639,0.0,43,0.0,169,1490
Грамотность,4,638,0.0005,697,375.20391517128877,591,81.56606851549755,693,2619
ReactJS,4,637,0.0003645765998707175,658,407.8303425774878,602,31.371564813652906,552,2449
Грамотная письменная речь,4,636,0.00023529411764705883,579,0.0,204,0.0,312,1731
Project management,4,635,0.0004369747899159664,680,0.0,236,0.0,206,1757
pytest,4,634,0.00028711484593837533,624,0.0,96,0.0,302,1656
Оптимизация кода,4,633,0.0005098039215686275,699,236.5415986949429,492,59.135399673735726,647,2471
Test case,4,632,0.0003487394957983193,648,203.9151712887439,479,40.783034257748774,602,2361
it,4,631,0.0004117647058823529,672,0.0,32,0.0,48,1383
Java Script,4,630,0.000196078431372549,536,0.0,88,0.0,22,1276
Tableau,4,629,0.00024949723479135243,601,163.1321370309951,421,12.548625925461161,394,2045
PyCharm,4,628,0.00033613445378151256,644,0.0,195,0.0,59,1526
fiat market,4,627,0.00014081122645136487,455,1174.5513866231647,740,70.2907590442376,666,2488
Нагрузочное тестирование,4,626,0.000261437908496732,609,1680.2610114192496,767,186.69566793547216,763,2765
Redux,4,625,0.00020915032679738566,563,856.4437194127244,722,72.9563168388617,678,2588
Информационные технологии,4,624,0.0004663865546218488,687,0.0,229,0.0,330,1870
Falcon,4,623,0.0003529411764705883,653,277.3246329526917,531,27.732463295269167,543,2350
Cистемы управления базами данных,4,622,0.000267156862745098,614,81.56606851549755,376,16.31321370309951,430,2042
Разработка поисковых технологий,4,621,0.0005938375350140056,714,0.0,112,0.0,40,1487
Async,4,620,0.00037438052143934494,661,0.0,182,0.0,11,1474
микросервисы,4,619,0.0002941176470588235,634,0.0,113,0.0,41,1407
Jira,4,618,0.0002756410256410256,618,587.2756933115824,688,81.31509599698833,688,2612
WIndows Phone,4,617,0.00047058823529411766,689,218.59706362153344,486,43.719412724306686,613,2405
1C: Предприятие,4,616,0.0003006535947712418,636,407.8303425774878,618,43.50190320826536,611,2481
UX,3,615,0.00012605042016806722,442,1223.4910277324634,742,87.3922162666045,701,2500
Асинхронное программирование,3,614,0.0006617647058823529,726,542.4143556280587,675,118.27079934747145,736,2751
ElasticSearch,3,613,0.00022502334267040147,574,358.8907014681892,590,47.5931536290427,622,2399
Databases,3,612,0.00020053475935828877,552,0.0,134,0.0,148,1446
BigData,3,611,0.00028011204481792715,620,0.0,119,0.0,23,1373
Matplotlib,3,610,0.0001923076923076923,528,0.0,115,0.0,94,1347
1С программирование,3,609,0.00019362745098039214,530,0.0,178,0.0,127,1444
XML/Xslt,3,608,0.000172311348781937,515,106.03588907014682,385,11.781765452238535,386,1894
Опыт работы с детьми,3,607,0.0001210064445358563,436,36.7047308319739,357,1.6683968559988136,344,1744
TFS,3,606,0.0001895424836601307,524,146.8189233278956,406,16.31321370309951,439,1975
Blockchain,3,605,0.00021033868092691622,564,603.5889070146819,695,82.06040832468238,695,2559
Создание конфигурации 1С,3,604,0.00019362745098039214,532,0.0,120,0.0,10,1266
Citrix,3,603,0.0001990269792127377,551,383.3605220228385,592,20.176869580149393,467,2213
1С: Управление предприятием,3,602,0.00014133986928104573,457,244.69820554649266,519,27.188689505165847,525,2103
Jupiter,3,601,0.0003529411764705883,654,0.0,198,0.0,141,1594
Интернет-реклама,3,600,0.0003333333333333333,643,212.07177814029365,485,42.41435562805873,605,2333
test automation,3,599,0.0005637254901960783,706,0.0,100,0.0,67,1472
Aiohttp,3,598,0.00021650326797385624,572,301.79445350734096,565,16.766358528185606,452,2187
SciPy,3,597,0.00017830209006679593,523,154.97553017944534,410,22.139361454206476,479,2009
Adobe Photoshop,3,596,0.00011723570547099961,374,199.836867862969,477,14.217022781459976,421,1868
VMware,3,595,0.00015514275885792912,503,530.1794453507341,672,36.49008328324891,573,2343
SQLite,3,594,0.00019841269841269839,550,138.66231647634584,401,19.80890235376369,463,2008
ELK,3,593,0.0002679738562091503,615,285.48123980424145,540,15.860068878013411,423,2171
Zabbix,3,592,0.0002369281045751634,594,0.0,197,0.0,333,1716
STL,3,591,0.00024183006535947712,596,342.5774877650897,585,34.801522566612284,560,2332
Sanic,3,590,0.00015151515151515152,500,0.0,275,0.0,208,1573
CRM,3,589,0.0002941176470588235,625,489.3964110929853,655,54.377379010331694,639,2508
Mac Os,3,588,0.0002843137254901961,622,0.0,262,0.0,47,1519
WebSocket,3,587,0.00014497920380273323,460,873.8163947797715,724,70.98603580668018,670,2441
Деловое общение,3,586,0.00017401960784313726,517,0.0,288,0.0,340,1731
Ведение переговоров,3,585,0.00019362745098039214,531,0.0,289,0.0,327,1732
HTML/CSS,3,584,0.0002457836281365693,600,163.1321370309951,430,12.548625925461161,402,2016
Time management,3,583,0.0003529411764705883,651,0.0,298,0.0,57,1589
SVN,3,582,0.0003487394957983193,647,195.75856443719414,475,48.939641109298535,627,2331
Автоматизация,3,581,0.0002446524064171123,597,0.0,211,0.0,181,1570
Работа с детьми,3,580,0.0001210064445358563,435,36.7047308319739,356,1.6683968559988136,349,1720
Teamleading,3,579,0.00035364145658263305,655,0.0,315,0.0,204,1753
react,3,578,0.00020588235294117645,561,766.721044045677,711,100.59815116911365,725,2575
Doker,3,577,0.0003529411764705883,652,0.0,172,0.0,101,1502
Yii,3,576,0.0002038593215063803,557,411.9086460032626,620,38.560466782326486,586,2339
Mercurial,3,575,0.0003823529411764706,663,114.19249592169658,387,22.838499184339316,493,2118
Математический анализ,3,574,0.00025210084033613445,603,65.25285481239804,369,9.321836401771147,379,1925
Tensorflow,3,573,0.00020588235294117645,562,668.84176182708,705,76.6721044045677,683,2523
Selenium WebDriver,3,572,0.00023109243697478992,577,0.0,200,0.0,216,1565
golang,3,571,0.00019335511982570804,529,1007.3409461663948,731,143.0427164521781,749,2580
Английский — B2 — Средне-продвинутый,3,570,0.00029820261437908495,635,897.226753670473,725,199.3837230378829,770,2700
Statistica,3,569,0.0003333333333333333,642,0.0,231,0.0,209,1651
Selenium IDE,3,568,0.00035947712418300657,657,285.48123980424145,533,71.37030995106036,674,2432
Управление командой,3,567,0.00027521008403361347,617,587.2756933115824,689,75.15730598927989,680,2553
Xcode,3,566,0.00012605042016806722,441,1223.4910277324634,743,87.3922162666045,702,2452
kubernetes,3,565,0.00016408428173134056,505,407.8303425774878,607,37.07548568886253,580,2257
OpenCV,3,564,0.0002670401493930906,613,228.38499184339315,490,41.32680804785209,603,2270
Plotly by Dash,3,563,0.0003529411764705883,650,0.0,15,0.0,150,1378
Swagger,3,562,0.00011400364341540811,373,407.8303425774878,615,29.130738755534836,545,2095
Pl/Python,3,561,0.00025054466230936816,602,477.1615008156607,650,22.95933780436227,494,2307
Веб-программирование,3,560,0.0002760577915376677,619,799.347471451876,714,81.35142096677255,689,2582
Citrix Systems,2,559,0.00016806722689075628,508,0.0,296,0.0,223,1586
Rally,2,558,7.352941176470588e-05,252,440.4567699836868,630,27.528548123980425,535,1975
Битрикс24,2,557,0.00011764705882352942,422,163.1321370309951,446,16.31321370309951,438,1863
Пользователь ПК,2,556,9.209744503862151e-05,315,36.7047308319739,350,1.6683968559988136,350,1571
Технический перевод,2,555,0.00023529411764705883,581,0.0,138,0.0,174,1448
Frontend,2,554,0.0001292824822236587,444,538.3360522022839,673,50.015237617195204,630,2301
Camunda,2,553,0.00014705882352941175,482,0.0,281,0.0,228,1544
Rabbit,2,552,0.00014705882352941175,462,603.5889070146819,692,75.44861337683524,681,2387
InfluxDB,2,551,0.00010407239819004526,367,0.0,224,0.0,334,1476
Педагогика,2,550,9.426847662141779e-05,317,0.0,143,0.0,156,1166
OpenGL,2,549,0.00013750954927425516,453,154.97553017944534,408,22.139361454206476,478,1888
Отличное знание ПК,2,548,0.00011764705882352942,428,163.1321370309951,450,16.31321370309951,434,1860
Elastic Search,2,547,8.807801195344447e-05,313,440.71406199021203,631,40.06491472638291,591,2082
TestRail,2,546,0.00023529411764705883,591,652.5285481239804,704,130.50570962479608,743,2584
инженер,2,545,0.00010784313725490197,369,440.4567699836868,626,40.783034257748774,596,2136
SOLID,2,544,0.00010407239819004526,366,203.9151712887439,480,20.391517128874387,468,1858
TDD,2,543,0.0002941176470588235,629,0.0,217,0.0,321,1710
Team management,2,542,0.00023529411764705883,584,0.0,329,0.0,260,1715
Умение работать с детьми,2,541,7.198683669271905e-05,240,36.7047308319739,354,1.6683968559988136,351,1486
Word2Vec,2,540,0.000130718954248366,449,0.0,206,0.0,244,1439
QGIS,2,539,0.00014939309056956115,499,0.0,256,0.0,196,1490
Vue,2,538,0.00011274509803921568,372,0.0,127,0.0,136,1173
Cisco,2,537,0.00014705882352941175,468,0.0,240,0.0,212,1457
Networking,2,536,0.00017156862745098037,514,636.2153344208809,700,98.21914083741163,723,2473
Hive,2,535,0.0001388888888888889,454,0.0,258,0.0,210,1457
Безопасность,2,534,0.000196078431372549,540,163.1321370309951,438,27.188689505165847,530,2042
Креативность,2,533,0.00023529411764705883,586,530.1794453507341,671,106.03588907014682,733,2523
Machine learning,2,532,0.00023529411764705883,589,0.0,267,0.0,199,1587
Знание английского языка,2,531,0.0002647058823529412,612,0.0,263,0.0,264,1670
Mathcad,2,530,0.00021568627450980395,569,0.0,132,0.0,171,1402
Управление временем,2,529,0.00023529411764705883,585,0.0,133,0.0,167,1414
Тестирование пользовательского интерфейса,2,528,0.00021568627450980395,571,473.0831973898858,649,89.7226753670473,708,2456
Arduino,2,527,6.703536115300821e-05,239,191.68026101141925,464,7.09926892634886,368,1598
Aerospike,2,526,0.0002941176470588235,632,391.5171288743883,596,97.87928221859707,721,2475
С,2,525,0.0001911764705882353,526,187.60195758564439,455,23.450244698205548,498,2004
Cloud technologies,2,524,0.00014705882352941175,471,0.0,316,0.0,273,1584
Python3,2,523,0.0001323529411764706,450,456.7699836867863,646,50.36704730831974,631,2250
fastapi,2,522,0.00014285714285714287,458,579.1190864600326,686,71.19552551852715,671,2337
React/Redux,2,521,0.0002647058823529412,611,0.0,51,0.0,14,1197
DAX,2,520,0.00023529411764705883,592,358.8907014681892,588,71.77814029363785,675,2375
Spring Framework,2,519,9.269162210338681e-05,316,0.0,92,0.0,4,931
MSSQL,2,518,0.00010084033613445378,365,0.0,90,0.0,2,975
aio-http,2,517,0.00014705882352941175,481,603.5889070146819,694,75.44861337683524,682,2374
JSON API,2,516,8.823529411764705e-05,314,0.0,76,0.0,29,935
algorithms,2,515,0.000588235294117647,709,456.7699836867863,644,228.38499184339315,775,2643
Perl,2,514,0.00023529411764705883,583,0.0,160,0.0,128,1385
Бизнес-анализ,2,513,0.00016666666666666666,506,0.0,23,0.0,135,1177
Frontend API,2,512,0.000196078431372549,544,636.2153344208809,701,106.03588907014682,731,2488
Деловая переписка,2,511,0.00024509803921568627,598,0.0,45,0.0,172,1326
DevOps methodology,2,510,0.00014705882352941175,473,0.0,40,0.0,165,1188
SQLalchemy,2,509,9.80392156862745e-05,362,0.0,38,0.0,162,1071
Virtualization,2,508,0.0001323529411764706,451,0.0,36,0.0,160,1155
Математическое программирование,2,507,0.00011077158135981665,371,101.95758564437195,384,10.990233257769962,385,1647
English,2,506,0.00011883541295306001,434,721.9497553017944,709,70.5751940283751,668,2317
Rest API,2,505,0.00012254901960784314,437,717.7814029363784,708,76.80804785209352,684,2334
Chef,2,504,7.352941176470588e-05,269,440.4567699836868,623,27.528548123980425,537,1933
GDAL,2,503,0.00012254901960784314,438,187.60195758564439,458,23.450244698205548,496,1895
Лидерство,2,502,0.00014860681114551083,496,383.3605220228385,593,20.176869580149393,465,2056
RStudio,2,501,0.00014705882352941175,490,0.0,62,0.0,77,1130
Power BI,2,500,0.00023529411764705883,590,358.8907014681892,589,71.77814029363785,676,2355
electron.js,2,499,0.00014705882352941175,477,163.1321370309951,426,20.391517128874387,469,1871
MS Access,2,498,0.00023529411764705883,593,0.0,326,0.0,282,1699
Математическая логика,2,497,0.00021568627450980395,568,0.0,110,0.0,106,1281
Highload,2,496,0.00014705882352941175,469,489.3964110929853,657,40.783034257748774,597,2219
Мотивация персонала,2,495,0.0001911764705882353,525,489.3964110929853,653,61.174551386623165,649,2322
Pester,2,494,0.00012418300653594771,440,146.8189233278956,405,16.31321370309951,442,1781
Puppet,2,493,7.352941176470588e-05,246,440.4567699836868,629,27.528548123980425,538,1906
Разработка нового продукта,2,492,0.000196078431372549,548,505.7096247960848,668,84.28493746601413,699,2407
VBA,2,491,0.00023529411764705883,580,0.0,116,0.0,93,1280
Xsd,2,490,0.00011883541295306001,432,220.2283849918434,487,22.162901445120042,482,1891
Групповое обучение,2,489,7.575757575757576e-05,273,36.7047308319739,355,1.6683968559988136,348,1465
Less,2,488,0.00014438502673796793,459,309.9510603588907,573,61.99021207177814,651,2171
PostGIS,2,487,0.00014939309056956115,498,0.0,303,0.0,51,1339
Natural Language Processing,2,486,0.000130718954248366,448,0.0,180,0.0,123,1237
1С: Предприятие 8,2,485,7.598039215686274e-05,275,0.0,185,0.0,118,1063
разработчик,2,484,0.00010784313725490197,370,440.4567699836868,622,40.783034257748774,600,2076
Анализ кода,2,483,0.00021568627450980395,567,0.0,98,0.0,54,1202
Python 3,2,482,0.00017379679144385028,516,0.0,188,0.0,114,1300
Трудоспособность,2,481,0.000588235294117647,711,78.30342577487765,375,39.151712887438826,587,2154
SIP,2,480,0.00021568627450980395,570,844.2088091353996,721,149.80967917346382,753,2524
СРМ,2,479,0.00011764705882352942,384,163.1321370309951,419,16.31321370309951,436,1718
Panda,2,478,0.000130718954248366,447,0.0,1,0.0,1,927
Умение работать в команде,2,477,0.00024509803921568627,599,0.0,137,0.0,131,1344
Amazon Web Services,2,476,0.0001270053475935829,443,477.2515497553018,651,43.386504523209254,610,2180
psycopg,2,475,9.80392156862745e-05,323,0.0,157,0.0,75,1030
Администрирование серверов Linux,2,474,0.000196078431372549,547,407.8303425774878,606,67.97172376291462,657,2284
GoLang,2,473,0.000196078431372549,537,326.2642740619902,581,54.377379010331694,640,2231
Browbeat,2,472,7.352941176470588e-05,261,440.4567699836868,627,27.528548123980425,536,1896
Solr,2,471,7.661888284725654e-05,276,407.8303425774878,616,29.130738755534836,547,1910
iohttp,2,470,0.00014705882352941175,487,0.0,150,0.0,68,1175
МИКРОСЕРВИСЫ,2,469,0.000196078431372549,541,0.0,93,0.0,300,1403
Fuzzy Search,2,468,0.000130718954248366,445,0.0,75,0.0,303,1291
PyQt,2,467,0.00020168067226890757,554,391.5171288743883,597,72.71032393381496,677,2295
Consumer Goods,2,466,0.000196078431372549,546,0.0,227,0.0,257,1496
fastAPI,2,465,0.0001711229946524064,512,244.69820554649266,506,22.245291413317513,483,1966
Flash MySQL,2,464,6.703536115300821e-05,238,517.9445350734095,670,32.19652077727119,555,1927
GitHub,2,463,0.00011877828054298643,431,407.8303425774878,608,31.371564813652906,551,2053
Dgraph,2,462,0.00023529411764705883,587,0.0,193,0.0,18,1260
ОПП,2,461,0.00016806722689075628,509,293.6378466557912,549,41.94826380797017,604,2123
Деловая коммуникация,2,460,0.0001330532212885154,452,97.87928221859707,380,13.982754602656723,420,1712
BPML,2,459,0.00011883541295306001,433,220.2283849918434,488,22.162901445120042,481,1861
"Коммуникабельность, ответственность",2,458,0.000588235294117647,713,78.30342577487765,374,39.151712887438826,588,2133
1С: Бухгалтерия,2,457,7.598039215686274e-05,274,0.0,249,0.0,248,1228
База данных: Oracle,2,456,0.00014860681114551083,497,0.0,167,0.0,82,1202
ERP,2,455,0.000196078431372549,545,489.3964110929853,660,67.97172376291462,658,2318
Умение работать в коллективе,2,454,0.00015756302521008402,504,285.48123980424145,541,35.68515497553018,572,2071
Software Architecture,2,453,0.00020168067226890757,555,701.468189233279,706,116.9890468422279,735,2449
Ведение отчетности,2,452,0.00011764705882352942,418,163.1321370309951,449,16.31321370309951,447,1766
Tempest,2,451,7.352941176470588e-05,250,440.4567699836868,621,27.528548123980425,539,1861
Shaker,2,450,7.352941176470588e-05,245,440.4567699836868,624,27.528548123980425,540,1859
vue.js,2,449,0.00015151515151515152,501,97.87928221859707,382,8.898116565327006,376,1708
PowerShell,2,448,0.00012418300653594771,439,146.8189233278956,404,16.31321370309951,432,1723
Prometheus,2,447,8.446455505279035e-05,312,0.0,28,0.0,46,833
Apache Kafka,2,446,0.00023284313725490196,578,0.0,255,0.0,243,1522
Laravel,2,445,0.00010582010582010581,368,191.68026101141925,461,7.09926892634886,363,1637
Планирование карьеры,2,444,0.00023529411764705883,588,122.34910277324633,391,24.469820554649267,506,1929
MS Windows,2,443,0.00011764705882352942,408,163.1321370309951,434,16.31321370309951,431,1716
Управление разработкой,2,442,0.00020168067226890757,553,195.75856443719414,470,27.965509205313445,544,2009
VoIP,2,441,0.000196078431372549,549,815.6606851549756,716,135.94344752582924,745,2451
GRPC,2,440,9.549274255156608e-05,318,407.8303425774878,605,37.07548568886253,576,1939
web,2,439,0.00016884531590413942,511,191.68026101141925,462,7.09926892634886,366,1778
clickhouse,2,438,0.00021241830065359476,565,0.0,311,0.0,232,1546
GCP,2,437,0.00016806722689075628,510,0.0,183,0.0,20,1150
Rust,2,436,0.00023529411764705883,582,244.69820554649266,501,48.939641109298535,625,2144
Shapely,2,435,0.000130718954248366,446,0.0,148,0.0,5,1034
Solidity,2,434,0.00015151515151515152,502,603.5889070146819,693,82.06040832468238,696,2325
Настройка ПК,2,433,0.00011764705882352942,375,163.1321370309951,447,16.31321370309951,444,1699
django,2,432,0.00011764705882352942,380,473.0831973898858,648,47.30831973898858,621,2081
Scrapy,2,431,9.80392156862745e-05,319,546.4926590538336,676,43.95504803335145,614,2040
написание аналитических текстов,2,430,0.00011764705882352942,429,163.1321370309951,445,16.31321370309951,441,1745
anti-fraud,2,429,6.350267379679145e-05,203,587.2756933115824,687,31.69954026397746,554,1873
R Markdown,2,428,0.00014705882352941175,461,0.0,141,0.0,43,1073
Bug Tracking Systems,2,427,0.00017156862745098037,513,0.0,109,0.0,37,1086
Seaborn,1,426,4.524886877828054e-05,83,0.0,331,0.0,301,1141
REST Assured,1,425,4.524886877828054e-05,102,326.2642740619902,582,25.097251850922323,517,1626
Solid Works,1,424,7.352941176470588e-05,248,0.0,321,0.0,268,1261
Социальные сети,1,423,0.00014705882352941175,483,195.75856443719414,471,48.939641109298535,628,2005
Администрирование серверов Windows,1,422,5.882352941176471e-05,180,0.0,279,0.0,217,1098
computervision,1,421,9.80392156862745e-05,336,0.0,335,0.0,299,1391
Ведущий(Lead),1,420,4.524886877828054e-05,97,326.2642740619902,579,25.097251850922323,516,1612
Testrail,1,419,5.347593582887701e-05,160,407.8303425774878,601,37.07548568886253,579,1759
Apollo,1,418,2.8011204481792714e-05,25,448.6133768352365,637,21.362541754058885,472,1552
Sensor Fusion,1,417,5.347593582887701e-05,152,0.0,306,0.0,332,1207
Windows,1,416,7.352941176470588e-05,270,0.0,226,0.0,205,1117
руководство командой разработчиков,1,415,9.80392156862745e-05,353,489.3964110929853,664,81.56606851549755,692,2124
webdriver,1,414,8.403361344537814e-05,307,0.0,325,0.0,323,1369
Squid,1,413,7.352941176470588e-05,251,195.75856443719414,472,24.469820554649267,504,1640
Написание текстов,1,412,0.00011764705882352942,379,0.0,223,0.0,240,1254
Алгоритмическая подготовка,1,411,5.347593582887701e-05,167,0.0,278,0.0,324,1180
make и shell,1,410,4.524886877828054e-05,96,163.1321370309951,429,12.548625925461161,387,1322
Юнит-тестирование,1,409,7.352941176470588e-05,247,187.60195758564439,456,23.450244698205548,497,1609
Смарт-контракты,1,408,5.347593582887701e-05,141,244.69820554649266,499,22.245291413317513,488,1536
CBV,1,407,8.403361344537814e-05,283,0.0,339,0.0,270,1299
Apache Ignite,1,406,0.000196078431372549,534,0.0,60,0.0,73,1073
тестирование web-сервисов,1,405,5.347593582887701e-05,174,0.0,203,0.0,197,979
REST-API,1,404,5.882352941176471e-05,182,0.0,201,0.0,198,985
Документооборот,1,403,7.352941176470588e-05,263,0.0,222,0.0,338,1226
Redash,1,402,4.524886877828054e-05,81,163.1321370309951,437,12.548625925461161,393,1313
JDBC,1,401,3.9215686274509805e-05,63,0.0,220,0.0,310,994
vertica,1,400,5.347593582887701e-05,146,0.0,57,0.0,70,673
dashboard,1,399,6.5359477124183e-05,222,0.0,277,0.0,305,1203
Data,1,398,8.403361344537814e-05,277,407.8303425774878,600,58.26147751106967,646,1921
Индивидуальное обучение,1,397,2.6737967914438505e-05,16,36.7047308319739,359,1.6683968559988136,353,1125
QA automation,1,396,0.0002941176470588235,627,0.0,58,0.0,71,1152
Автоматизация процессов,1,395,4.524886877828054e-05,113,0.0,280,0.0,280,1068
.NET,1,394,5.347593582887701e-05,161,0.0,336,0.0,279,1170
Sas,1,393,0.00011764705882352942,430,0.0,219,0.0,214,1256
Trello,1,392,0.00011764705882352942,385,0.0,319,0.0,306,1402
Сосредоточенность,1,391,0.00011764705882352942,399,171.28874388254485,452,34.257748776508976,558,1800
Testing Framework,1,390,0.000196078431372549,538,0.0,338,0.0,275,1541
OpenOffice,1,389,0.00011764705882352942,381,0.0,59,0.0,72,901
Готовность к обучению,1,388,2.6737967914438505e-05,17,36.7047308319739,351,1.6683968559988136,352,1108
AQA,1,387,0.000196078431372549,539,0.0,233,0.0,211,1370
SQL Server,1,386,0.00011764705882352942,395,0.0,323,0.0,272,1376
Высокий уровень самоорганизации,1,385,4.524886877828054e-05,112,163.1321370309951,427,12.548625925461161,391,1315
Микроконтроллеры,1,384,6.5359477124183e-05,236,0.0,332,0.0,271,1223
Flask Framework,1,383,0.00011764705882352942,386,228.38499184339315,491,45.67699836867863,619,1879
Умение брать на себя ответственность,1,382,8.403361344537814e-05,291,0.0,307,0.0,341,1321
LevelDB,1,381,4.901960784313725e-05,123,448.6133768352365,638,37.38444806960304,583,1725
R,1,380,7.352941176470588e-05,258,195.75856443719414,473,24.469820554649267,514,1625
Visual Studio,1,379,5.882352941176471e-05,200,244.69820554649266,514,24.469820554649267,515,1608
Olap (online analytical processing),1,378,5.347593582887701e-05,157,0.0,282,0.0,62,879
Курсы по программированию,1,377,0.00011764705882352942,396,0.0,297,0.0,61,1131
MVC,1,376,8.403361344537814e-05,281,65.25285481239804,366,9.321836401771147,378,1401
Reporting,1,375,2.6737967914438505e-05,23,293.6378466557912,545,13.347174847990509,409,1352
Pentaho,1,374,5.347593582887701e-05,173,0.0,328,0.0,313,1188
Prefect,1,373,3.26797385620915e-05,49,301.79445350734096,571,16.766358528185606,449,1442
Микросервисы,1,372,2.8011204481792714e-05,26,448.6133768352365,640,21.362541754058885,473,1511
Azure,1,371,5.347593582887701e-05,147,114.19249592169658,389,10.381135992881507,382,1289
aiohhtp,1,370,8.403361344537814e-05,304,301.79445350734096,572,43.11349335819156,607,1853
С#,1,369,4.524886877828054e-05,106,0.0,305,0.0,337,1117
GridGain,1,368,3.9215686274509805e-05,61,0.0,310,0.0,64,803
Анализ текущих финансовых показателей,1,367,0.00011764705882352942,400,0.0,309,0.0,55,1131
Разработка сайтов,1,366,4.524886877828054e-05,99,163.1321370309951,412,12.548625925461161,392,1269
Инновационный менеджмент,1,365,9.80392156862745e-05,354,0.0,294,0.0,311,1324
Allure,1,364,5.347593582887701e-05,151,407.8303425774878,604,37.07548568886253,581,1700
MobX,1,363,4.524886877828054e-05,108,163.1321370309951,417,12.548625925461161,400,1288
backend developer,1,362,2.1786492374727668e-05,6,191.68026101141925,460,7.09926892634886,364,1192
Аналитический склад ума,1,361,0.00011764705882352942,392,0.0,291,0.0,308,1352
Shell Scripting,1,360,7.352941176470588e-05,259,0.0,70,0.0,85,774
Администрирование сайтов,1,359,0.00011764705882352942,394,65.25285481239804,370,13.05057096247961,407,1530
Умение организовать работу,1,358,4.201680672268907e-05,76,489.3964110929853,662,34.95688650664181,566,1662
ассинхронное программирование,1,357,8.403361344537814e-05,294,301.79445350734096,566,43.11349335819156,606,1823
MacOS,1,356,0.00011764705882352942,393,0.0,285,0.0,339,1373
Risks assessment,1,355,2.6737967914438505e-05,20,293.6378466557912,558,13.347174847990509,418,1351
Рефакторинг кода,1,354,5.347593582887701e-05,140,269.16802610114195,527,24.469820554649267,509,1530
python3,1,353,9.80392156862745e-05,355,163.1321370309951,413,27.188689505165847,528,1649
TensorFlow/Keras,1,352,4.524886877828054e-05,79,0.0,327,0.0,322,1080
Apache kafka,1,351,3.26797385620915e-05,38,301.79445350734096,564,16.766358528185606,453,1406
PyQT5,1,350,9.80392156862745e-05,352,0.0,330,0.0,320,1352
Podman,1,349,6.5359477124183e-05,221,212.07177814029365,484,23.56353090447707,500,1554
Работа с большим объемом информации,1,348,0.00011764705882352942,397,456.7699836867863,643,91.35399673735726,711,2099
Высшее образование,1,347,0.00014705882352941175,464,138.66231647634584,402,34.66557911908646,559,1772
Криптовалюта,1,346,5.347593582887701e-05,175,244.69820554649266,494,22.245291413317513,487,1502
Программирование,1,345,8.403361344537814e-05,286,0.0,290,0.0,289,1210
RESTful API,1,344,7.352941176470588e-05,256,285.48123980424145,544,35.68515497553018,571,1715
peewee,1,343,5.347593582887701e-05,145,0.0,295,0.0,287,1070
Apache Airflow,1,342,3.26797385620915e-05,44,301.79445350734096,570,16.766358528185606,448,1404
Julia,1,341,8.403361344537814e-05,311,244.69820554649266,497,34.95688650664181,569,1718
Желание обучаться,1,340,5.882352941176471e-05,194,24.469820554649267,343,2.4469820554649266,356,1233
Make,1,339,4.901960784313725e-05,119,0.0,341,0.0,318,1117
Trading,1,338,3.676470588235294e-05,57,293.6378466557912,556,18.35236541598695,454,1405
PowerBI,1,337,8.403361344537814e-05,287,0.0,333,0.0,314,1271
WEB,1,336,4.901960784313725e-05,121,0.0,340,0.0,315,1112
ASP.NET Core,1,335,4.901960784313725e-05,137,114.19249592169658,388,9.516041326808047,381,1241
Способность обучать других,1,334,8.403361344537814e-05,297,0.0,228,0.0,335,1194
Блокчейн,1,333,5.347593582887701e-05,171,244.69820554649266,508,22.245291413317513,484,1496
Jaeger,1,332,3.9215686274509805e-05,67,0.0,337,0.0,222,958
PySide,1,331,8.403361344537814e-05,300,97.87928221859707,381,13.982754602656723,419,1431
Бенчмаркинг,1,330,7.352941176470588e-05,271,0.0,225,0.0,261,1087
microservices,1,329,5.882352941176471e-05,179,0.0,324,0.0,229,1061
Инвестиции,1,328,3.26797385620915e-05,48,285.48123980424145,536,15.860068878013411,429,1341
React (hooks),1,327,5.882352941176471e-05,190,0.0,235,0.0,249,1001
Работа в условиях многозадачности,1,326,4.524886877828054e-05,80,163.1321370309951,436,12.548625925461161,397,1239
разработка backend,1,325,7.352941176470588e-05,254,0.0,286,0.0,241,1106
PEP8,1,324,7.352941176470588e-05,267,0.0,218,0.0,246,1055
Организаторские навыки,1,323,4.901960784313725e-05,139,0.0,205,0.0,245,912
Jupyter,1,322,0.00011764705882352942,406,0.0,221,0.0,251,1200
Lead,1,321,8.403361344537814e-05,284,0.0,232,0.0,242,1079
Back-end,1,320,7.352941176470588e-05,262,220.2283849918434,489,27.528548123980425,541,1612
SSDL,1,319,5.882352941176471e-05,202,0.0,213,0.0,219,953
CDK,1,318,0.00014705882352941175,493,309.9510603588907,577,77.48776508972267,686,2074
Sentry,1,317,4.524886877828054e-05,105,0.0,261,0.0,207,890
code-review,1,316,9.80392156862745e-05,330,570.9624796084829,681,95.16041326808048,718,2045
Навыки презентации,1,315,2.6737967914438505e-05,8,36.7047308319739,353,1.6683968559988136,345,1021
Автотесты,1,314,7.352941176470588e-05,260,0.0,234,0.0,258,1066
Разработка ИС,1,313,0.0002941176470588235,630,0.0,242,0.0,191,1376
адаптивная верстка,1,312,4.524886877828054e-05,114,163.1321370309951,423,12.548625925461161,404,1253
Flume,1,311,3.460207612456747e-05,50,0.0,246,0.0,189,796
Oracle 11G,1,310,0.00011764705882352942,404,0.0,248,0.0,188,1150
Портфельные риски,1,309,3.26797385620915e-05,40,293.6378466557912,554,16.31321370309951,433,1336
Хорошее понимание архитектурных подходов,1,308,4.901960784313725e-05,136,0.0,317,0.0,255,1016
Web API,1,307,4.524886877828054e-05,87,293.6378466557912,562,22.587526665830094,491,1447
Software Development,1,306,0.0002941176470588235,628,238.6257748776509,493,119.31288743882546,737,2164
Анализ рисков,1,305,2.6737967914438505e-05,24,293.6378466557912,561,13.347174847990509,413,1303
Embedded Systems,1,304,0.00011764705882352942,388,0.0,300,0.0,238,1230
Crypto,1,303,5.882352941176471e-05,195,0.0,301,0.0,237,1036
Simulink,1,302,0.00011764705882352942,390,0.0,302,0.0,236,1230
gunicorn,1,301,6.5359477124183e-05,232,0.0,304,0.0,235,1072
Backend-разработчик,1,300,3.26797385620915e-05,42,285.48123980424145,535,15.860068878013411,425,1302
Eclipse,1,299,3.9215686274509805e-05,65,0.0,313,0.0,234,911
Fluent English,1,298,2.6737967914438505e-05,21,293.6378466557912,547,13.347174847990509,414,1280
проектирования REST,1,297,3.26797385620915e-05,41,285.48123980424145,538,15.860068878013411,426,1302
qweb,1,296,5.882352941176471e-05,197,24.469820554649267,344,2.4469820554649266,359,1196
RTP/RTCP,1,295,4.901960784313725e-05,120,0.0,308,0.0,233,956
Драйвера,1,294,5.882352941176471e-05,192,244.69820554649266,498,24.469820554649267,507,1491
Unit-тесты,1,293,5.347593582887701e-05,166,244.69820554649266,515,22.245291413317513,485,1459
Django rest framework,1,292,0.000196078431372549,543,163.1321370309951,442,54.377379010331694,638,1915
Bug Reporting,1,291,9.80392156862745e-05,324,0.0,287,0.0,239,1141
RESTful,1,290,7.352941176470588e-05,241,570.9624796084829,685,71.37030995106036,673,1889
Scikit Learn,1,289,4.524886877828054e-05,90,0.0,283,0.0,230,892
CircleCI,1,288,4.201680672268907e-05,74,489.3964110929853,659,34.95688650664181,564,1585
Postgre SQL,1,287,5.882352941176471e-05,188,0.0,284,0.0,227,986
Mathematical Statistics,1,286,3.9215686274509805e-05,66,0.0,334,0.0,221,907
marshmallow,1,285,6.5359477124183e-05,215,0.0,292,0.0,226,1018
API Docker,1,284,9.80392156862745e-05,320,0.0,293,0.0,225,1122
знание http,1,283,5.347593582887701e-05,172,0.0,314,0.0,224,993
Black box testing,1,282,7.352941176470588e-05,272,187.60195758564439,454,23.450244698205548,495,1503
STM32,1,281,6.5359477124183e-05,206,0.0,322,0.0,259,1068
Turbo Pascal,1,280,7.352941176470588e-05,268,0.0,216,0.0,256,1020
Mac Software,1,279,0.00011764705882352942,391,0.0,250,0.0,185,1105
NAT/PAT,1,278,4.901960784313725e-05,131,0.0,253,0.0,184,846
Libvirt Python SDK,1,277,9.80392156862745e-05,342,489.3964110929853,661,81.56606851549755,690,1970
Data Engineering,1,276,6.5359477124183e-05,219,212.07177814029365,483,23.56353090447707,502,1480
SLAM,1,275,5.347593582887701e-05,162,0.0,259,0.0,194,890
Slack,1,274,4.524886877828054e-05,109,0.0,273,0.0,192,848
Django REST,1,273,0.00011764705882352942,412,285.48123980424145,542,57.09624796084829,643,1870
Опыт работы с чат-ботами,1,272,0.0002941176470588235,626,89.7226753670473,378,44.86133768352365,617,1893
Scripting,1,271,6.5359477124183e-05,207,0.0,212,0.0,319,1009
Windows 7,1,270,0.00011764705882352942,426,326.2642740619902,578,65.25285481239804,653,1927
AioHTTP,1,269,8.403361344537814e-05,305,0.0,210,0.0,326,1110
IBM DataStage,1,268,3.0959752321981425e-05,34,0.0,209,0.0,317,828
CI/DI,1,267,2.8011204481792714e-05,27,448.6133768352365,639,21.362541754058885,474,1407
Hypersonic Sql,1,266,5.347593582887701e-05,164,0.0,239,0.0,187,856
QA Automation,1,265,5.347593582887701e-05,159,407.8303425774878,609,37.07548568886253,578,1611
developer,1,264,4.901960784313725e-05,133,195.75856443719414,469,16.31321370309951,435,1301
OLAP,1,263,5.347593582887701e-05,165,0.0,238,0.0,186,852
Docker swarm,1,262,4.201680672268907e-05,77,489.3964110929853,656,34.95688650664181,561,1556
Apache Tomcat,1,261,3.9215686274509805e-05,62,0.0,202,0.0,309,834
Математическая подготовка,1,260,5.347593582887701e-05,170,0.0,237,0.0,183,850
Oracle DI,1,259,3.0959752321981425e-05,37,0.0,207,0.0,316,819
SPA,1,258,4.524886877828054e-05,92,293.6378466557912,557,22.587526665830094,490,1397
MS Teams,1,257,4.524886877828054e-05,86,0.0,214,0.0,182,739
fast api,1,256,9.80392156862745e-05,350,244.69820554649266,513,40.783034257748774,599,1718
Радиосигналы,1,255,0.00014705882352941175,495,122.34910277324633,394,30.587275693311582,550,1694
Oozie,1,254,3.460207612456747e-05,52,0.0,208,0.0,195,709
Developer,1,253,5.882352941176471e-05,181,244.69820554649266,518,24.469820554649267,508,1460
HighLoad,1,252,9.80392156862745e-05,347,0.0,260,0.0,325,1184
Обучение персонала,1,251,9.80392156862745e-05,344,0.0,264,0.0,277,1136
Keras,1,250,0.00014705882352941175,467,0.0,265,0.0,262,1244
Ответственность,1,249,5.347593582887701e-05,163,269.16802610114195,525,24.469820554649267,511,1448
Моделирование процессов,1,248,0.00011764705882352942,389,0.0,215,0.0,254,1106
Drivers,1,247,5.882352941176471e-05,196,244.69820554649266,516,24.469820554649267,513,1472
React.JS,1,246,5.882352941176471e-05,198,0.0,266,0.0,253,963
GitlabCI,1,245,4.524886877828054e-05,88,0.0,254,0.0,180,767
Development,1,244,9.80392156862745e-05,364,0.0,274,0.0,252,1134
Collaborative filtering,1,243,0.00011764705882352942,427,0.0,251,0.0,178,1099
Account Management,1,242,2.6737967914438505e-05,19,293.6378466557912,552,13.347174847990509,415,1228
Проектная работа,1,241,4.524886877828054e-05,100,163.1321370309951,425,12.548625925461161,398,1164
Знание Python,1,240,0.0002941176470588235,631,89.7226753670473,377,44.86133768352365,616,1864
Риски инновационного инвестирования,1,239,2.6737967914438505e-05,14,293.6378466557912,553,13.347174847990509,416,1222
Автоматизация процессов управления персоналом,1,238,9.80392156862745e-05,360,0.0,257,0.0,250,1105
devops,1,237,5.347593582887701e-05,169,0.0,244,0.0,215,865
XSLT,1,236,5.347593582887701e-05,168,114.19249592169658,390,10.381135992881507,383,1177
Базовые знания HTML,1,235,4.524886877828054e-05,103,163.1321370309951,432,12.548625925461161,403,1173
Схемотехника электронного оборудования,1,234,6.5359477124183e-05,231,0.0,241,0.0,213,919
Переговоры,1,233,9.80392156862745e-05,338,326.2642740619902,580,54.377379010331694,637,1788
Преподавание,1,232,4.901960784313725e-05,126,0.0,230,0.0,247,835
pytorch,1,231,0.00014705882352941175,474,65.25285481239804,367,16.31321370309951,440,1512
Odoo,1,230,9.80392156862745e-05,358,277.3246329526917,528,46.22077215878195,620,1736
DataStudio,1,229,8.403361344537814e-05,306,0.0,271,0.0,203,1009
lxml,1,228,6.5359477124183e-05,227,0.0,270,0.0,202,927
SAS DI,1,227,3.0959752321981425e-05,30,0.0,269,0.0,201,727
Менеджмент,1,226,4.901960784313725e-05,130,0.0,268,0.0,200,824
E-Commerce,1,225,4.201680672268907e-05,75,489.3964110929853,663,34.95688650664181,568,1531
Python 3.9,1,224,3.26797385620915e-05,43,285.48123980424145,543,15.860068878013411,428,1238
Ruby On Rails,1,223,5.882352941176471e-05,187,163.1321370309951,420,16.31321370309951,443,1273
Mongo,1,222,4.524886877828054e-05,82,0.0,179,0.0,125,608
Fast API,1,221,0.00011764705882352942,401,0.0,168,0.0,83,873
микросервисная архитектура,1,220,5.882352941176471e-05,189,0.0,186,0.0,116,711
sqlalchemy,1,219,4.901960784313725e-05,124,244.69820554649266,510,20.391517128874387,470,1323
Работа с системами аналитики,1,218,6.5359477124183e-05,204,0.0,166,0.0,81,669
Системное мышление,1,217,6.5359477124183e-05,213,0.0,165,0.0,80,675
Data Scientist,1,216,0.00014705882352941175,470,0.0,184,0.0,121,991
Memcached,1,215,4.901960784313725e-05,135,244.69820554649266,504,20.391517128874387,471,1325
Salt,1,214,4.901960784313725e-05,132,448.6133768352365,635,37.38444806960304,584,1565
protobuf,1,213,4.201680672268907e-05,69,0.0,181,0.0,122,585
Zoom,1,212,8.403361344537814e-05,289,0.0,164,0.0,79,744
GIS,1,211,4.901960784313725e-05,125,0.0,163,0.0,78,577
Figma,1,210,5.882352941176471e-05,199,24.469820554649267,346,2.4469820554649266,355,1110
Vue Js,1,209,9.80392156862745e-05,363,0.0,73,0.0,76,721
Tarantool,1,208,4.201680672268907e-05,71,407.8303425774878,611,29.130738755534836,546,1436
SEO,1,207,0.00011764705882352942,425,65.25285481239804,368,13.05057096247961,408,1408
StatsmodelsPlotly,1,206,4.524886877828054e-05,89,0.0,175,0.0,129,599
Ведение проектов,1,205,4.524886877828054e-05,91,407.8303425774878,610,31.371564813652906,553,1459
Greenplum,1,204,6.5359477124183e-05,214,0.0,149,0.0,110,677
Virtuozzo,1,203,3.0959752321981425e-05,35,383.3605220228385,595,20.176869580149393,466,1299
freeswitch,1,202,6.5359477124183e-05,211,244.69820554649266,507,27.188689505165847,522,1442
Houdini,1,201,0.00011764705882352942,419,0.0,147,0.0,98,865
kafka,1,200,6.5359477124183e-05,209,0.0,146,0.0,90,645
Erlang,1,199,0.00014705882352941175,465,0.0,155,0.0,74,893
Телефония,1,198,9.80392156862745e-05,334,163.1321370309951,416,27.188689505165847,523,1471
тестирование gRPS,1,197,5.347593582887701e-05,142,0.0,169,0.0,84,592
Стремление к профессиональному росту,1,196,5.882352941176471e-05,185,24.469820554649267,347,2.4469820554649266,357,1085
auto test,1,195,7.352941176470588e-05,244,0.0,117,0.0,92,648
OpenCart,1,194,2.1786492374727668e-05,2,191.68026101141925,467,7.09926892634886,371,1034
Lua,1,193,9.80392156862745e-05,340,244.69820554649266,500,40.783034257748774,601,1634
Teradata,1,192,3.0959752321981425e-05,32,0.0,154,0.0,119,497
Репетитор,1,191,4.524886877828054e-05,116,0.0,41,0.0,52,400
С/С++/С#,1,190,2.1786492374727668e-05,5,191.68026101141925,459,7.09926892634886,365,1019
аналитик данных,1,189,9.80392156862745e-05,331,0.0,152,0.0,117,789
BigQuery,1,188,4.524886877828054e-05,95,163.1321370309951,418,12.548625925461161,405,1106
x86,1,187,7.352941176470588e-05,253,0.0,151,0.0,115,706
Проведение презентаций,1,186,2.6737967914438505e-05,10,36.7047308319739,349,1.6683968559988136,343,888
fiat markets,1,185,2.6737967914438505e-05,18,293.6378466557912,563,13.347174847990509,417,1183
Мобильная разработка,1,184,9.80392156862745e-05,346,163.1321370309951,444,27.188689505165847,529,1503
Толерантность,1,183,2.6737967914438505e-05,12,36.7047308319739,348,1.6683968559988136,346,889
финансы,1,182,0.00014705882352941175,491,0.0,196,0.0,113,982
Boost,1,181,6.5359477124183e-05,230,48.939641109298535,360,5.43773790103317,360,1131
Java Servlets,1,180,3.9215686274509805e-05,64,0.0,39,0.0,50,333
Cloud,1,179,9.80392156862745e-05,359,570.9624796084829,682,95.16041326808048,717,1937
Поиск информации в интернет,1,178,0.00011764705882352942,409,0.0,194,0.0,328,1109
UI/UX,1,177,8.403361344537814e-05,279,130.50570962479608,397,18.643672803542295,460,1313
удаленная работа,1,176,5.882352941176471e-05,178,293.6378466557912,560,29.363784665579118,548,1462
AirFlow,1,175,2.8011204481792714e-05,28,448.6133768352365,641,21.362541754058885,475,1319
twisted,1,174,6.5359477124183e-05,224,244.69820554649266,505,27.188689505165847,534,1437
MapReduce,1,173,7.352941176470588e-05,266,0.0,191,0.0,112,742
Ответственность и пунктуальность,1,172,0.00014705882352941175,476,97.87928221859707,383,24.469820554649267,505,1536
.NET Framework,1,171,5.347593582887701e-05,143,0.0,27,0.0,66,407
Bloomberg,1,170,3.26797385620915e-05,47,285.48123980424145,534,15.860068878013411,427,1178
Sales Skills,1,169,9.80392156862745e-05,327,0.0,118,0.0,91,705
RestAPI,1,168,5.347593582887701e-05,153,0.0,153,0.0,69,543
Py.test,1,167,5.347593582887701e-05,150,440.71406199021203,633,40.06491472638291,592,1542
genkins,1,166,6.5359477124183e-05,205,0.0,125,0.0,137,633
Flutter,1,165,0.00014705882352941175,484,570.9624796084829,683,142.74061990212073,748,2080
Container,1,164,9.80392156862745e-05,329,448.6133768352365,636,74.76889613920608,679,1808
pyramid,1,163,8.403361344537814e-05,295,301.79445350734096,569,43.11349335819156,608,1635
компьютерное зрение,1,162,0.00014705882352941175,475,73.4094616639478,371,18.35236541598695,458,1466
XPath,1,161,6.5359477124183e-05,212,212.07177814029365,482,23.56353090447707,501,1356
Jupyter Notebook,1,160,6.5359477124183e-05,237,0.0,131,0.0,173,701
Построение индивидуальных планов развития,1,159,8.403361344537814e-05,290,0.0,130,0.0,155,734
Интеграционное тестирование,1,158,0.00014705882352941175,480,0.0,129,0.0,154,921
CMDB,1,157,0.00011764705882352942,387,0.0,128,0.0,142,814
Фондовый рынок,1,156,3.676470588235294e-05,56,293.6378466557912,551,18.35236541598695,455,1218
vue,1,155,9.80392156862745e-05,322,407.8303425774878,619,67.97172376291462,660,1756
Appsflyer,1,154,5.347593582887701e-05,148,244.69820554649266,512,22.245291413317513,486,1300
Twisted,1,153,0.00011764705882352942,417,0.0,177,0.0,9,756
Cython,1,152,8.403361344537814e-05,282,0.0,53,0.0,140,627
Medical Image,1,151,9.80392156862745e-05,326,0.0,121,0.0,39,637
Аналитические исследования,1,150,9.80392156862745e-05,321,0.0,103,0.0,35,609
C++11,1,149,5.347593582887701e-05,156,0.0,102,0.0,34,441
Cassandra,1,148,3.460207612456747e-05,53,0.0,101,0.0,42,344
Проектирование пользовательских интерфейсов,1,147,0.00011764705882352942,398,0.0,126,0.0,144,815
Sqoop,1,146,3.460207612456747e-05,51,0.0,123,0.0,31,351
Хорошие технические навыки,1,145,4.901960784313725e-05,128,0.0,124,0.0,30,427
backend Python,1,144,9.80392156862745e-05,335,0.0,144,0.0,26,649
Splash,1,143,3.26797385620915e-05,39,301.79445350734096,567,16.766358528185606,450,1199
GeoServer,1,142,6.5359477124183e-05,220,0.0,135,0.0,89,586
AsyncIO,1,141,0.00011764705882352942,402,0.0,136,0.0,166,845
Ruby,1,140,5.882352941176471e-05,183,163.1321370309951,424,16.31321370309951,445,1192
Геоданные,1,139,8.403361344537814e-05,301,0.0,114,0.0,95,649
Контекстная реклама,1,138,0.00011764705882352942,405,65.25285481239804,363,13.05057096247961,406,1312
GWT,1,137,9.80392156862745e-05,328,0.0,171,0.0,45,681
Amazon AWS,1,136,0.00011764705882352942,378,261.01141924959217,523,52.20228384991844,634,1671
Поиск информации,1,135,4.524886877828054e-05,84,163.1321370309951,441,12.548625925461161,395,1055
Анализ финансовых показателей,1,134,0.00011764705882352942,376,0.0,111,0.0,96,717
PoE,1,133,6.5359477124183e-05,235,0.0,173,0.0,44,585
Rabbit MQ,1,132,3.676470588235294e-05,55,0.0,108,0.0,97,392
информационная система,1,131,0.00011764705882352942,382,0.0,107,0.0,108,728
XHTML,1,130,5.882352941176471e-05,176,0.0,106,0.0,100,512
автотесты на Python,1,129,5.347593582887701e-05,154,0.0,174,0.0,19,476
Автоматизированное тестирование,1,128,0.00014705882352941175,478,0.0,105,0.0,103,814
Алгоритмика,1,127,5.347593582887701e-05,155,0.0,104,0.0,104,490
Методист,1,126,0.00011764705882352942,407,0.0,192,0.0,17,742
restapi,1,125,9.80392156862745e-05,332,163.1321370309951,440,27.188689505165847,526,1423
Leadership Skills,1,124,9.80392156862745e-05,333,0.0,190,0.0,16,663
OpenAPI,1,123,5.882352941176471e-05,201,0.0,122,0.0,107,553
Internal Control,1,122,2.6737967914438505e-05,22,293.6378466557912,555,13.347174847990509,412,1111
OWASP,1,121,5.882352941176471e-05,177,0.0,189,0.0,15,502
Микросервисная архитектура,1,120,5.347593582887701e-05,149,0.0,145,0.0,109,523
Архитектура,1,119,8.403361344537814e-05,310,0.0,187,0.0,13,629
OpenCv,1,118,8.403361344537814e-05,292,154.97553017944534,407,22.139361454206476,477,1294
Snowflake,1,117,2.8011204481792714e-05,29,448.6133768352365,634,21.362541754058885,476,1256
Joomla CMS,1,116,2.1786492374727668e-05,7,191.68026101141925,468,7.09926892634886,362,953
Ext JS,1,115,4.901960784313725e-05,118,0.0,140,0.0,163,536
Проектная деятельность,1,114,4.524886877828054e-05,101,163.1321370309951,415,12.548625925461161,396,1026
Тренинги,1,113,0.00011764705882352942,411,0.0,25,0.0,53,602
Структурированность,1,112,4.524886877828054e-05,110,163.1321370309951,414,12.548625925461161,399,1035
Cypress,1,111,8.403361344537814e-05,309,0.0,56,0.0,65,541
MS Movie Maker,1,110,0.00011764705882352942,423,0.0,97,0.0,285,915
Vertica,1,109,0.00014705882352941175,489,0.0,61,0.0,266,925
RebbitMQ,1,108,0.00011764705882352942,424,350.7340946166395,586,70.1468189233279,665,1783
Фильтр частиц,1,107,0.00014705882352941175,488,122.34910277324633,393,30.587275693311582,549,1537
Redmine,1,106,9.80392156862745e-05,356,0.0,78,0.0,33,573
Логическое мышление,1,105,4.524886877828054e-05,93,0.0,54,0.0,265,517
SOX,1,104,7.352941176470588e-05,265,0.0,52,0.0,283,704
SSH,1,103,7.352941176470588e-05,243,0.0,50,0.0,28,424
ArcGIS,1,102,6.5359477124183e-05,226,0.0,49,0.0,27,404
Soft skills,1,101,8.403361344537814e-05,296,0.0,72,0.0,284,753
Debian,1,100,2.6737967914438505e-05,13,0.0,47,0.0,25,185
Oracle CRM,1,99,3.9215686274509805e-05,59,0.0,21,0.0,24,203
scraping,1,98,6.5359477124183e-05,210,244.69820554649266,517,27.188689505165847,533,1358
Мануальное тестирование,1,97,9.80392156862745e-05,351,146.8189233278956,403,24.469820554649267,512,1363
Творческий подход к работе,1,96,2.6737967914438505e-05,9,36.7047308319739,358,1.6683968559988136,347,810
Риск-менеджмент,1,95,2.6737967914438505e-05,11,293.6378466557912,550,13.347174847990509,410,1066
R programming,1,94,3.460207612456747e-05,54,0.0,22,0.0,147,317
CentOS,1,93,0.00014705882352941175,466,0.0,12,0.0,146,717
UI,1,92,4.201680672268907e-05,70,0.0,10,0.0,145,317
Gunicorn,1,91,4.901960784313725e-05,138,489.3964110929853,665,40.783034257748774,598,1492
Умение объяснять,1,90,4.524886877828054e-05,111,0.0,7,0.0,143,351
3D,1,89,5.347593582887701e-05,158,0.0,89,0.0,298,634
"Python,Docker, Ansible, OpenShift,Golang",1,88,0.000588235294117647,710,0.0,4,0.0,139,941
Retail,1,87,0.000196078431372549,533,0.0,3,0.0,138,761
искусственный интеллект,1,86,8.403361344537814e-05,293,244.69820554649266,509,34.95688650664181,565,1453
Bitbucket,1,85,3.9215686274509805e-05,58,0.0,81,0.0,36,260
Бизнес-моделирование,1,84,0.00011764705882352942,383,0.0,64,0.0,269,800
Сегментация,1,83,0.00011764705882352942,420,0.0,86,0.0,297,886
Саморазвитие,1,82,9.80392156862745e-05,349,53.01794453507341,362,8.8363240891789,374,1167
YouTrack,1,81,8.403361344537814e-05,298,130.50570962479608,400,18.643672803542295,459,1238
Прогнозирование,1,80,0.00011764705882352942,403,0.0,55,0.0,21,559
нейронные сети,1,79,0.00014705882352941175,486,73.4094616639478,372,18.35236541598695,456,1393
математика,1,78,0.00014705882352941175,479,73.4094616639478,373,18.35236541598695,457,1387
CMake,1,77,4.901960784313725e-05,122,0.0,299,0.0,336,834
Task tracker,1,76,3.0959752321981425e-05,36,0.0,199,0.0,331,642
LibreOffice,1,75,0.00011764705882352942,377,0.0,71,0.0,329,852
RxJS,1,74,0.00014705882352941175,494,309.9510603588907,575,77.48776508972267,685,1828
gRPC,1,73,6.5359477124183e-05,217,0.0,74,0.0,12,376
Continuous Integration / Continious Delivery,1,72,7.352941176470588e-05,249,407.8303425774878,599,50.97879282218597,632,1552
fastcgi,1,71,2.1786492374727668e-05,4,191.68026101141925,466,7.09926892634886,369,910
Управление интернет-проектами,1,70,4.524886877828054e-05,94,0.0,139,0.0,88,391
Angular 2+,1,69,4.524886877828054e-05,117,0.0,65,0.0,274,525
1С: Предприятие,1,68,7.352941176470588e-05,264,0.0,95,0.0,7,434
GO,1,67,8.403361344537814e-05,280,0.0,94,0.0,6,447
машинное обучение,1,66,8.403361344537814e-05,302,244.69820554649266,503,34.95688650664181,563,1434
RPA,1,65,0.0002941176470588235,633,0.0,91,0.0,3,792
Restful API,1,64,8.403361344537814e-05,299,179.4453507340946,453,25.635050104870658,518,1334
go,1,63,6.5359477124183e-05,233,0.0,69,0.0,307,672
load balancer,1,62,6.5359477124183e-05,234,0.0,68,0.0,294,658
PyQT,1,61,0.000196078431372549,535,0.0,87,0.0,32,715
Sphinxsearch,1,60,5.882352941176471e-05,186,0.0,67,0.0,281,594
Plotly,1,59,4.524886877828054e-05,115,163.1321370309951,428,12.548625925461161,388,990
Selenium WD,1,58,0.00014705882352941175,492,0.0,66,0.0,276,892
SJ6,1,57,4.524886877828054e-05,85,163.1321370309951,439,12.548625925461161,390,971
Способности к межличностному деловому общению,1,56,8.403361344537814e-05,303,0.0,24,0.0,134,517
Разработка ПО Typescript Python JS ML,1,55,0.000196078431372549,542,0.0,158,0.0,124,879
Autodesk Maya,1,54,0.00011764705882352942,415,0.0,9,0.0,63,541
Apache Spark,1,53,7.352941176470588e-05,255,783.0442903752039,713,97.88053629690049,722,1743
MQ,1,52,9.80392156862745e-05,361,0.0,99,0.0,102,614
Graphql,1,51,4.201680672268907e-05,72,0.0,20,0.0,288,431
AioHttp,1,50,6.5359477124183e-05,228,0.0,19,0.0,286,583
ZMQ,1,49,5.347593582887701e-05,144,261.01141924959217,522,23.728310840872016,503,1218
Charles Proxy,1,48,6.5359477124183e-05,216,0.0,170,0.0,99,533
Администрирование сетевого оборудования,1,47,9.80392156862745e-05,337,163.1321370309951,435,27.188689505165847,524,1343
Qt(PyQt),1,46,8.403361344537814e-05,288,154.97553017944534,409,22.139361454206476,480,1223
confluence,1,45,4.524886877828054e-05,98,293.6378466557912,546,22.587526665830094,492,1181
Технологии разработки ПО на языке Python,1,44,9.80392156862745e-05,341,0.0,17,0.0,175,577
OpenShift,1,43,3.9215686274509805e-05,60,0.0,13,0.0,87,203
Postrgresql,1,42,0.00014705882352941175,463,0.0,6,0.0,60,571
Готовность обучаться,1,41,8.403361344537814e-05,285,0.0,26,0.0,105,457
Haskell,1,40,0.00011764705882352942,414,0.0,5,0.0,176,635
Алгоритмы и структуры данных,1,39,8.403361344537814e-05,308,0.0,2,0.0,58,407
Тайм-менеджмент,1,38,0.00011764705882352942,413,285.48123980424145,539,57.09624796084829,642,1632
Маркетплейсы,1,37,4.201680672268907e-05,68,489.3964110929853,666,34.95688650664181,567,1338
VUE.js,1,36,4.524886877828054e-05,107,0.0,162,0.0,120,425
Amazon,1,35,6.5359477124183e-05,218,0.0,161,0.0,111,525
highload,1,34,2.1786492374727668e-05,3,191.68026101141925,465,7.09926892634886,370,872
WebRTC,1,33,4.901960784313725e-05,127,0.0,11,0.0,56,227
Регресcионное тестирование,1,32,0.00011764705882352942,421,203.9151712887439,478,40.783034257748774,594,1525
Ubuntu Server,1,31,5.882352941176471e-05,191,24.469820554649267,345,2.4469820554649266,358,925
django GIT,1,30,9.80392156862745e-05,325,163.1321370309951,433,27.188689505165847,531,1319
Apache HTTP Server,1,29,6.5359477124183e-05,229,0.0,48,0.0,290,596
desktop_dev,1,28,9.80392156862745e-05,343,0.0,77,0.0,291,739
Reddis,1,27,5.882352941176471e-05,184,277.3246329526917,529,27.732463295269167,542,1282
SQL БД,1,26,3.26797385620915e-05,46,285.48123980424145,532,15.860068878013411,422,1026
Промышленное оборудование,1,25,0.00011764705882352942,410,244.69820554649266,502,48.939641109298535,626,1563
Fraud risks,1,24,2.6737967914438505e-05,15,293.6378466557912,548,13.347174847990509,411,998
Самообучение,1,23,9.80392156862745e-05,339,53.01794453507341,361,8.8363240891789,375,1098
Flex,1,22,4.201680672268907e-05,73,122.34910277324633,392,8.739221626660452,373,860
Быстрое обучение,1,21,0.00014705882352941175,485,0.0,84,0.0,304,894
gitlab,1,20,9.80392156862745e-05,348,0.0,82,0.0,295,745
Storage,1,19,8.403361344537814e-05,278,0.0,44,0.0,170,511
google cloud platform,1,18,6.5359477124183e-05,208,357.9386623164763,587,39.77096247960848,589,1402
PySide2,1,17,9.80392156862745e-05,357,0.0,42,0.0,168,584
PosgresSQL,1,16,5.882352941176471e-05,193,269.16802610114195,526,26.916802610114193,521,1256
Django/Flask,1,15,3.26797385620915e-05,45,285.48123980424145,537,15.860068878013411,424,1021
java spring,1,14,4.901960784313725e-05,134,195.75856443719414,474,16.31321370309951,446,1068
OpenVZ,1,13,3.0959752321981425e-05,31,383.3605220228385,594,20.176869580149393,464,1102
Django REST framework,1,12,6.5359477124183e-05,223,244.69820554649266,496,27.188689505165847,527,1258
Vim,1,11,7.352941176470588e-05,257,187.60195758564439,457,23.450244698205548,499,1224
Apache NiFi,1,10,6.5359477124183e-05,225,0.0,37,0.0,161,433
Групповые программы,1,9,4.524886877828054e-05,104,0.0,35,0.0,159,307
Apache AirFlow,1,8,0.00014705882352941175,472,0.0,34,0.0,158,672
VCS,1,7,3.0959752321981425e-05,33,0.0,80,0.0,293,413
Jinja,1,6,9.80392156862745e-05,345,0.0,79,0.0,292,722
Индивидуальный подход,1,5,4.901960784313725e-05,129,0.0,31,0.0,133,298
Technical Translation,1,4,0.00011764705882352942,416,0.0,30,0.0,153,603
Presto,1,3,7.352941176470588e-05,242,0.0,29,0.0,132,406
Http Proxy,1,2,4.201680672268907e-05,78,97.87928221859707,379,6.991377301328361,361,820
Raspberry Pi,1,1,2.1786492374727668e-05,1,191.68026101141925,463,7.09926892634886,367,832
